<?xml version="1.0" encoding="utf-8" ?>
<dwsync>
<file name="로고.png" server="passionfruit.dothome.co.kr" local="132936195739007230" remote="132937458600000000" Dst="0" />
<file name="로고2.png" server="passionfruit.dothome.co.kr" local="132936197955300177" remote="132937458600000000" Dst="0" />
<file name="아이콘1.png" server="passionfruit.dothome.co.kr" local="132936196037898109" remote="132937458600000000" Dst="0" />
<file name="아이콘2.png" server="passionfruit.dothome.co.kr" local="132936196182982825" remote="132937458600000000" Dst="0" />
<file name="아이콘3.png" server="passionfruit.dothome.co.kr" local="132936196302741369" remote="132937458600000000" Dst="0" />
<file name="아이콘4.png" server="passionfruit.dothome.co.kr" local="132936206037608470" remote="132937458600000000" Dst="0" />
<file name="아이콘5.png" server="passionfruit.dothome.co.kr" local="132936206266699214" remote="132937458600000000" Dst="0" />
<file name="이미지1.png" server="passionfruit.dothome.co.kr" local="132942930667138435" remote="132942672000000000" Dst="0" />
<file name="이미지3.png" server="passionfruit.dothome.co.kr" local="132936197545367580" remote="132937458600000000" Dst="0" />
<file name="이미지2.png" server="passionfruit.dothome.co.kr" local="132936197056554702" remote="132937458600000000" Dst="0" />
<file name="이미지4.png" server="passionfruit.dothome.co.kr" local="132943886102166378" remote="132943672800000000" Dst="0" />
<file name="이벤트2.jpg" server="passionfruit.dothome.co.kr" local="132936199194735091" remote="132937458600000000" Dst="0" />
<file name="이벤트1.png" server="passionfruit.dothome.co.kr" local="132936196772168793" remote="132937458600000000" Dst="0" />
<file name="도넛.jpg" server="passionfruit.dothome.co.kr" local="132941310165540052" remote="132940987800000000" Dst="0" />
<file name="리프.jpg" server="passionfruit.dothome.co.kr" local="132941310020819202" remote="132940987800000000" Dst="0" />
<file name="스콘.jpg" server="passionfruit.dothome.co.kr" local="132941309875108792" remote="132940987800000000" Dst="0" />
<file name="파이.jpg" server="passionfruit.dothome.co.kr" local="132941310324083604" remote="132940987800000000" Dst="0" />
<file name="시티팝.mp4" server="passionfruit.dothome.co.kr" local="132942100060766158" remote="132941848800000000" Dst="0" />
<file name="a고딕11.ttf" server="passionfruit.dothome.co.kr" local="132600229348899984" remote="132942591600000000" Dst="0" />
<file name="a고딕12.ttf" server="passionfruit.dothome.co.kr" local="132600229349349727" remote="132942591600000000" Dst="0" />
<file name="TmonMonsori.ttf.ttf" server="passionfruit.dothome.co.kr" local="131188354620000000" remote="132942591600000000" Dst="0" />
<file name="로고3.png" server="passionfruit.dothome.co.kr" local="132942935677649704" remote="132942672000000000" Dst="0" />
<file name="이미지5.png" server="passionfruit.dothome.co.kr" local="132943879755920405" remote="132943672800000000" Dst="0" />
<file name="swiper.min.css" server="passionfruit.dothome.co.kr" local="132944438400000000" remote="132944438400000000" Dst="0" />
</dwsync>